city_name,CD_GEOCMU,dd,index_age,ipvs,cases,cases_inhab,deaths,deaths_inhab,mortality,isolation_rate,in015,in055,in056,in071,in072,in073,in074
Adamantina,3500105,0.82,21.8%,2,470,1387,11,32,2.3%,,98.4,100.0,99.7,809,6,0,0
Adolfo,3500204,0.16,22.1%,4,128,3713,5,145,3.9%,,100.0,99.9,100.0,120,8,0,0
Aguaí,3500303,0.75,14.7%,2,372,1045,7,20,1.9%,,0.6,89.8,87.8,2262,6.04,7254,7.57
Águas da Prata,3500402,0.55,22.2%,2,69,885,5,64,7.2%,,95.1,94.9,89.8,2273,6.21,0,0
Águas de Lindóia,3500501,3.06,17.8%,2,187,1018,5,27,2.7%,,80.0,99.1,98.6,938,8,704,7
Águas de Santa Bárbara,3500550,0.15,18.6%,2,27,455,1,17,3.7%,,75.9,74.9,51.4,579,11.92,964,7
Águas de São Pedro,3500600,8.65,24.5%,2,61,1954,1,32,1.6%,,94.6,97.2,92.5,503,6.3,0,0
Agudos,3500709,0.37,15.3%,2,780,2159,16,44,2.1%,,90.2,100.0,98.7,732,6.26,420,6
Alambari,3500758,3.62,14.4%,4,86,1488,3,52,3.5%,,65.1,80.9,48.1,86,6.12,0,0
Alfredo Marcondes,3500808,0.33,23.1%,2,68,1732,3,76,4.4%,,92.5,100.0,92.3,520,6.71,0,0
Altair,3500907,0.13,13.7%,4,51,1264,3,74,5.9%,,98.2,82.0,81.6,0,0,0,0
Altinópolis,3501004,0.17,19.2%,2,225,1447,8,51,3.6%,,70.6,87.4,87.4,0,10,0,8.33
Alto Alegre,3501103,0.13,24.0%,4,77,1917,3,75,3.9%,,100.0,81.4,78.7,0,0,0,0
Alumínio,3501152,2.15,12.4%,2,276,1536,9,50,3.3%,,68.6,75.5,59.9,602,6.74,1730,8
Álvares Florence,3501202,0.10,27.4%,2,78,2154,5,138,6.4%,,80.0,76.2,76.2,1218,8,0,0
Álvares Machado,3501301,0.68,17.9%,2,282,1185,8,34,2.8%,,100.0,100.0,97.3,2410,6,5000,6
Álvaro de Carvalho,3501400,0.33,11.6%,4,32,634,4,79,12.5%,,100.0,65.5,64.3,317,6.33,0,0
Alvinlândia,3501509,0.37,15.9%,4,27,850,0,0,0.0%,,100.0,93.3,92.1,739,9.77,0,0
Americana,3501608,17.43,17.3%,2,5707,2445,172,74,3.0%,,93.6,99.5,100.0,0,0,0,0
Américo Brasiliense,3501707,3.28,11.1%,2,792,1968,14,35,1.8%,,60.9,97.7,97.7,0,0,0,0
Américo de Campos,3501806,0.23,22.1%,4,336,5858,11,192,3.3%,,82.8,85.5,85.5,137,7.27,0,0
Amparo,3501905,1.56,18.3%,2,1271,1825,32,46,2.5%,,81.7,78.7,74.8,0,6.6,0,0
Analândia,3502002,0.15,16.8%,2,39,804,2,41,5.1%,,100.0,70.1,70.1,0,0,0,0
Andradina,3502101,0.58,19.2%,2,1632,2911,49,87,3.0%,,97.1,100.0,98.6,0,0,0,0
Angatuba,3502200,0.24,15.4%,2,335,1367,9,37,2.7%,,80.4,82.3,66.6,109,6.11,0,0
Anhembi,3502309,0.09,14.6%,2,23,345,0,0,0.0%,,100.0,76.0,72.4,264,6,0,0
Anhumas,3502408,0.12,17.2%,4,93,2347,0,0,0.0%,,97.3,99.5,96.8,650,6,300,6
Aparecida,3502507,2.95,16.9%,2,552,1546,12,34,2.2%,,46.8,98.6,85.7,0,0,0,0
Aparecida D Oeste,3502606,23.08,24.1%,4,290,7018,6,145,2.1%,,95.8,90.7,87.7,0,0,0,0
Apiaí,3502705,0.25,14.9%,3,160,649,6,24,3.8%,,66.4,80.5,52.2,338,10.84,150,6
Araçariguama,3502754,14.45,10.5%,3,399,1902,9,43,2.3%,,55.5,61.2,39.9,499,6,373,6
Araçatuba,3502804,1.63,18.5%,1,7713,4049,174,91,2.3%,,100.0,98.1,97.0,4076,8.6,9550,24
Araçoiaba da Serra,3502903,1.27,15.8%,1,671,2072,12,37,1.8%,,33.0,98.3,30.9,62,9.87,0,0
Aramina,3503000,0.27,17.8%,2,132,2402,5,91,3.8%,,0.0,0.0,0.0,0,0,0,0
Arandu,3503109,0.22,16.7%,4,54,876,3,49,5.6%,,100.0,73.6,73.3,1255,6,250,6
Arapeí,3503158,1.57,17.5%,4,7,283,1,40,14.3%,,85.2,86.5,72.4,441,9.91,145,6
Araraquara,3503208,2.27,17.7%,2,5780,2539,64,28,1.1%,,100.0,97.0,97.0,496,7,0,0
Araras,3503307,2.03,16.5%,2,4988,3806,81,62,1.6%,,92.4,99.7,99.7,0,16,0,0
Arco-Íris,3503356,0.69,22.8%,4,11,606,0,0,0.0%,,100.0,67.1,66.3,127,6.25,0,0
Arealva,3503406,0.16,21.6%,4,123,1501,2,24,1.6%,,90.8,70.2,63.2,190,6,0,0
Areias,3503505,0.13,14.6%,4,57,1483,0,0,0.0%,,25.8,66.9,66.9,0,0,0,0
Areiópolis,3503604,1.26,12.0%,2,135,1243,4,37,3.0%,,95.3,95.7,95.5,700,6,0,0
Ariranha,3503703,0.70,15.8%,2,162,1738,7,75,4.3%,,0.0,0.0,0.0,0,0,0,0
Artur Nogueira,3503802,2.96,12.9%,2,1206,2292,29,55,2.4%,,67.4,89.1,86.6,0,6,0,6
Arujá,3503901,9.33,12.0%,2,2278,2538,94,105,4.1%,,50.3,100.0,73.0,4826,8.93,0,0
Aspásia,3503950,0.25,22.8%,4,48,2720,1,57,2.1%,,100.0,92.8,93.0,78,7,0,0
Assis,3504008,2.20,17.9%,2,1586,1564,26,26,1.6%,,99.3,99.9,100.0,6214,6.33,10000,6
Atibaia,3504107,2.92,15.7%,2,2421,1734,66,47,2.7%,,100.0,88.3,71.9,0,0,0,0
Auriflama,3504206,3.33,19.5%,2,507,3504,14,97,2.8%,,98.0,95.3,94.0,814,6,0,0
Avaí,3504305,0.10,16.1%,4,113,2137,2,38,1.8%,,97.3,62.4,60.9,215,6.33,0,0
Avanhandava,3504404,0.36,12.7%,5,242,1998,7,58,2.9%,,80.8,84.6,84.6,0,0,0,0
Avaré,3504503,0.72,16.4%,2,890,1017,19,22,2.1%,,98.8,99.7,96.4,1095,6.04,1132,6
Bady Bassitt,3504602,1.48,15.7%,2,993,6081,21,129,2.1%,,80.0,93.5,92.4,0,0,0,0
Balbinos,3504701,0.40,8.3%,4,105,2835,3,81,2.9%,,100.0,32.2,32.0,136,6,0,0
Bálsamo,3504800,0.57,20.1%,2,561,6581,23,270,4.1%,,99.6,100.0,100.0,0,0,0,0
Bananal,3504909,0.17,17.8%,2,145,1361,1,9,0.7%,,87.8,77.8,73.8,1356,6.29,380,9
Barão de Antonina,3505005,0.22,18.8%,4,23,680,0,0,0.0%,,91.3,77.4,61.6,406,6,593,6
Barbosa,3505104,0.35,15.4%,5,125,1716,1,14,0.8%,,97.0,100.0,100.0,144,6.33,0,0
Bariri,3505203,0.76,17.8%,2,1070,3148,28,82,2.6%,,77.9,100.0,100.0,0,0,0,0
Barra Bonita,3505302,2.33,18.9%,2,1064,3047,24,69,2.3%,,77.4,100.0,100.0,200,15,0,0
Barra do Chapéu,3505351,0.14,14.5%,4,51,922,0,0,0.0%,,68.3,39.2,22.5,189,6,0,0
Barra do Turvo,3505401,0.08,16.6%,4,168,2186,4,52,2.4%,,91.6,42.9,35.0,347,6.33,0,0
Barretos,3505500,0.75,17.1%,1,5419,4591,146,124,2.7%,,87.2,100.0,100.0,1850,12,5375,6
Barrinha,3505609,2.21,10.3%,2,754,2332,31,96,4.1%,,79.9,98.9,98.9,0,8.1,0,6.75
Barueri,3505708,402.42,11.1%,2,8042,3042,386,146,4.8%,,63.5,100.0,89.7,621,12.35,0,0
Bastos,3505807,1.19,17.5%,2,180,887,4,20,2.2%,,98.3,89.7,89.5,1797,9.2,400,13
Batatais,3505906,0.71,17.9%,2,761,1264,23,38,3.0%,,80.0,88.4,88.0,15101,7.5,0,0
Bauru,3506003,5.46,17.1%,2,14472,3973,250,69,1.7%,,76.6,98.3,97.1,8000,24,0,0
Bebedouro,3506102,1.09,18.6%,2,1441,1943,33,45,2.3%,,65.0,100.0,100.0,0,0,71,9
Bento de Abreu,3506201,0.10,15.4%,4,41,1392,0,0,0.0%,,100.0,93.7,93.3,383,6.33,0,0
Bernardino de Campos,3506300,0.44,20.0%,2,120,1112,3,28,2.5%,,100.0,92.8,91.8,693,6.86,0,0
Bertioga,3506359,1.29,10.0%,2,2061,3256,45,71,2.2%,,60.4,73.3,50.1,5024,6.12,5798,6
Bilac,3506409,0.49,19.5%,2,113,1446,2,26,1.8%,,86.5,100.0,97.6,0,0,0,0
Birigui,3506508,2.29,16.5%,2,2908,2397,88,73,3.0%,,98.7,100.0,100.0,0,18,0,0
Biritiba-Mirim,3506607,1.02,13.5%,4,490,1515,31,96,6.3%,,69.6,55.4,48.6,903,7.5,0,0
Boa Esperança do Sul,3506706,0.21,13.9%,2,209,1433,6,41,2.9%,,0.0,0.0,0.0,0,0,0,0
Bocaina,3506805,0.33,15.0%,2,185,1525,3,25,1.6%,,99.1,100.0,99.7,533,6.6,0,0
Bofete,3506904,0.17,17.6%,2,164,1481,4,36,2.4%,,92.5,59.3,53.5,938,7.8,250,6
Boituva,3507001,2.30,13.0%,3,1242,2168,21,37,1.7%,,73.5,86.3,74.5,483,6.67,913,15.75
Bom Jesus dos Perdões,3507100,2.24,12.6%,3,378,1556,3,12,0.8%,,58.0,88.1,86.8,1378,7.6,133,7.56
Bom Sucesso de Itararé,3507159,0.29,10.5%,5,9,233,1,26,11.1%,,95.2,57.7,55.1,785,6.5,0,0
Borá,3507209,0.07,16.0%,4,5,616,0,0,0.0%,,100.0,100.0,99.8,305,7,0,0
Boracéia,3507308,0.39,15.5%,4,119,2501,2,42,1.7%,,100.0,100.0,100.0,400,6,0,0
Borborema,3507407,0.28,18.3%,2,297,1938,6,39,2.0%,,79.8,90.1,90.1,0,0,0,0
Borebi,3507456,0.07,13.8%,4,49,1900,2,78,4.1%,,0.0,0.0,0.0,0,0,0,0
Botucatu,3507506,0.95,16.7%,2,2716,1924,52,37,1.9%,,92.1,100.0,98.1,581,6.2,434,6
Bragança Paulista,3507605,3.20,15.8%,2,4174,2545,87,53,2.1%,,70.5,96.5,87.1,363,12.96,0,0
Braúna,3507704,0.28,18.5%,2,111,1999,7,126,6.3%,,82.7,87.3,85.5,0,0,0,0
Brejo Alegre,3507753,0.26,16.7%,5,96,3468,5,181,5.2%,,85.1,90.6,76.5,0,0,0,0
Brodowski,3507803,0.86,15.5%,2,580,2422,22,92,3.8%,,87.0,99.4,99.0,1667,8,1667,8
Brotas,3507902,0.22,15.7%,2,140,587,3,13,2.1%,,100.0,100.0,95.9,0,10,0,10
Buri,3508009,0.16,13.0%,2,309,1570,10,51,3.2%,,96.2,86.7,80.1,737,6.49,1075,6
Buritama,3508108,0.51,17.8%,2,436,2627,14,84,3.2%,,82.2,100.0,100.0,658,6.42,293,6.33
Buritizal,3508207,0.16,19.1%,2,65,1509,3,70,4.6%,,100.0,82.2,81.9,1028,6.5,0,0
Cabrália Paulista,3508306,0.18,16.1%,4,102,2368,0,0,0.0%,,87.3,88.6,88.6,0,0,0,0
Cabreúva,3508405,1.90,10.8%,2,1245,2519,40,81,3.2%,,71.3,75.7,65.9,538,6.67,400,6
Caçapava,3508504,2.47,15.6%,2,1607,1762,60,66,3.7%,,83.7,100.0,95.3,1132,6.85,0,0
Cachoeira Paulista,3508603,1.12,16.7%,2,417,1294,15,47,3.6%,,83.6,96.6,87.9,1283,9.24,0,0
Caconde,3508702,0.40,18.3%,2,181,960,1,5,0.6%,,50.2,69.6,69.6,0,8,0,8
Cafelândia,3508801,0.19,18.0%,2,352,2041,10,58,2.8%,,95.8,86.9,86.9,0,0,0,0
Caiabu,3508900,0.16,18.8%,4,40,975,2,49,5.0%,,92.9,85.6,77.0,628,6,0,0
Caieiras,3509007,10.30,12.0%,2,2475,2460,101,100,4.1%,,61.9,97.7,77.8,422,12.8,0,0
Caiuá,3509106,0.10,17.4%,4,61,1089,1,18,1.6%,,100.0,100.0,45.5,0,0,0,0
Cajamar,3509205,5.91,9.9%,3,1656,2133,77,99,4.6%,,60.4,100.0,92.7,2595,9.86,0,0
Cajati,3509254,0.64,13.4%,4,1805,6226,34,117,1.9%,,79.0,80.4,63.7,596,7.74,0,0
Cajobi,3509304,0.57,18.1%,2,232,2296,7,69,3.0%,,100.0,99.8,99.8,947,6.33,737,6.67
Cajuru,3509403,0.39,15.2%,2,486,1894,12,47,2.5%,,95.1,91.6,90.9,2050,6.07,0,0
Campina do Monte Alegre,3509452,0.31,15.8%,4,87,1497,0,0,0.0%,,90.7,91.7,75.1,147,7.14,0,0
Campinas,3509502,14.79,16.4%,2,34599,2943,1333,113,3.9%,,79.8,98.1,94.7,24551,10,0,0
Campo Limpo Paulista,3509601,104.34,13.7%,4,1359,1640,70,84,5.2%,,78.1,79.3,63.6,820,10.65,0,0
Campos do Jordão,3509700,1.73,12.8%,2,968,1931,30,60,3.1%,,78.1,61.6,52.7,711,7.68,500,11
Campos Novos Paulista,3509809,0.99,17.1%,4,118,2450,2,42,1.7%,,25.8,99.3,99.3,0,7.2,0,0
Cananéia,3509908,0.10,16.5%,2,208,1685,8,65,3.8%,,81.6,84.8,69.4,2004,7.83,0,0
Canas,3509957,0.95,12.1%,5,52,1027,2,39,3.8%,,78.0,93.5,83.7,182,7.28,350,9.5
Cândido Mota,3510005,0.50,18.4%,2,396,1319,6,20,1.5%,,94.2,93.6,93.4,167,6,0,0
Cândido Rodrigues,3510104,0.38,23.0%,4,50,1870,1,37,2.0%,,100.0,87.4,86.5,317,6,0,0
Canitar,3510153,0.87,11.1%,4,48,962,1,20,2.1%,,0.0,0.0,0.0,0,0,0,0
Capão Bonito,3510203,0.28,14.9%,2,821,1769,21,45,2.6%,,90.5,91.8,82.3,654,7.26,0,0
Capela do Alto,3510302,1.21,12.8%,2,354,1723,5,24,1.4%,,68.2,87.0,65.0,420,6.04,200,6
Capivari,3510401,1.68,13.7%,2,1461,2694,36,66,2.5%,,86.6,94.5,90.2,0,0,0,0
Caraguatatuba,3510500,2.39,14.3%,0,2637,2271,111,96,4.2%,,85.5,81.5,69.0,4804,7.83,0,0
Carapicuíba,3510609,114.21,12.9%,3,8955,2269,374,95,4.2%,,56.7,100.0,83.3,769,13.23,0,0
Cardoso,3510708,0.18,21.4%,2,189,1612,8,68,4.2%,,93.9,100.0,92.6,290,6,0,0
Casa Branca,3510807,0.34,17.1%,2,528,1792,9,31,1.7%,,100.0,100.0,100.0,208,6,0,0
Cássia dos Coqueiros,3510906,0.13,20.1%,2,71,2846,0,0,0.0%,,90.5,85.0,79.5,367,13.67,0,0
Castilho,3511003,0.19,15.8%,2,547,2639,8,39,1.5%,,98.0,74.2,74.2,0,0,0,0
Catanduva,3511102,40.33,18.7%,1,4608,3932,161,137,3.5%,,98.0,97.8,97.8,0,7,0,0
Catiguá,3511201,0.51,16.3%,2,299,3971,8,106,2.7%,,96.1,99.9,98.9,360,6,0,0
Cedral,3511300,0.45,19.5%,2,268,3033,9,102,3.4%,,0.0,0.0,0.0,0,0,0,0
Cerqueira César,3511409,0.38,15.9%,2,179,932,6,31,3.4%,,100.0,100.0,94.1,0,0,0,0
Cerquilho,3511508,36.32,15.2%,2,816,1758,16,34,2.0%,,83.1,91.2,88.8,0,11.75,0,0
Cesário Lange,3511607,0.91,14.3%,2,194,1125,6,35,3.1%,,77.8,83.8,67.2,76,6,110,6
Charqueada,3511706,0.96,14.2%,2,361,2132,8,47,2.2%,,68.1,100.0,81.1,727,6,0,0
Chavantes,3557204,0.65,17.2%,4,125,1023,2,16,1.6%,,92.5,92.2,88.6,52,6.56,52,6.56
Clementina,3511904,0.49,12.8%,2,168,2018,2,24,1.2%,,99.0,95.3,95.3,0,0,158,6.67
Colina,3512001,4.17,17.2%,4,322,1829,15,85,4.7%,,100.0,87.8,87.8,0,0,0,0
Colômbia,3512100,0.08,15.1%,4,115,1902,2,33,1.7%,,96.8,96.0,93.4,808,6.5,0,0
Conchal,3512209,1.49,13.4%,2,531,1946,16,59,3.0%,,89.2,98.7,97.5,0,7,385,7
Conchas,3512308,0.37,17.8%,2,319,1862,7,41,2.2%,,89.5,72.1,68.4,412,6,363,6
Cordeirópolis,3512407,1.77,14.5%,2,1722,7070,24,99,1.4%,,95.5,100.0,100.0,1050,8.75,0,0
Coroados,3512506,0.24,16.7%,4,136,2295,2,34,1.5%,,95.2,85.7,84.0,500,6,0,0
Coronel Macedo,3512605,0.16,18.6%,4,37,764,2,41,5.4%,,100.0,83.5,77.3,376,6.4,0,0
Corumbataí,3512704,0.14,16.9%,2,128,3231,2,50,1.6%,,88.5,99.1,99.1,502,8,0,0
Cosmópolis,3512803,4.61,12.3%,2,1756,2463,38,53,2.2%,,77.3,96.9,92.7,0,0,0,0
Cosmorama,3512902,0.16,23.9%,4,298,4259,21,300,7.0%,,50.0,68.6,68.6,0,10,0,0
Cotia,3513009,7.64,11.5%,4,4652,1880,209,84,4.5%,,37.7,100.0,53.0,428,11.17,0,0
Cravinhos,3513108,1.11,15.2%,2,403,1171,32,93,7.9%,,85.0,97.5,97.5,188,6.25,167,8
Cristais Paulista,3513207,0.22,15.9%,4,80,950,1,12,1.3%,,87.6,71.9,71.9,0,7.08,0,6.67
Cruzália,3513306,0.14,20.1%,4,24,1134,0,0,0.0%,,100.0,90.5,88.7,400,6,0,0
Cruzeiro,3513405,26.15,16.9%,2,873,1092,34,43,3.9%,,99.9,100.0,97.5,0,0,0,0
Cubatão,3513504,9.04,12.2%,0,6718,5202,190,147,2.8%,,50.9,85.2,54.4,9226,6.5,419,9.33
Cunha,3513603,0.15,17.9%,2,167,770,2,9,1.2%,,45.0,55.6,29.2,3600,20,0,0
Descalvado,3513702,0.43,18.0%,2,616,1899,7,22,1.1%,,80.0,90.3,89.1,0,6.25,0,6.25
Diadema,3513801,131.62,11.8%,2,9362,2315,391,97,4.2%,,75.8,100.0,94.2,649,12.25,0,0
Dirce Reis,3513850,0.19,22.4%,4,19,1107,0,0,0.0%,,100.0,82.9,80.5,0,0,0,0
Divinolândia,3513900,0.49,20.8%,2,143,1314,6,55,4.2%,,84.1,75.2,66.7,973,8.33,0,0
Dobrada,3514007,0.59,11.7%,4,164,1842,2,22,1.2%,,100.0,97.8,97.8,0,0,0,0
Dois Córregos,3514106,0.43,15.4%,2,309,1146,4,15,1.3%,,99.8,94.5,94.4,257,6,286,6.43
Dolcinópolis,3514205,0.26,22.8%,4,77,3775,5,245,6.5%,,100.0,100.0,98.9,0,0,0,0
Dourado,3514304,0.41,20.4%,2,157,1851,1,12,0.6%,,99.0,98.8,96.8,1098,6,0,0
Dracena,3514403,0.92,20.3%,2,1068,2374,30,67,2.8%,,96.0,100.0,92.3,0,0,0,0
Duartina,3514502,0.45,20.8%,2,276,2305,5,42,1.8%,,100.0,100.0,99.5,1880,6.67,0,0
Dumont,3514601,0.86,13.9%,4,464,4848,5,52,1.1%,,0.0,0.0,0.0,0,0,0,0
Echaporã,3514700,0.12,19.1%,4,33,531,1,16,3.0%,,98.7,99.8,97.6,2307,6,0,0
Eldorado,3514809,0.09,14.4%,3,371,2435,7,46,1.9%,,90.1,48.4,44.5,278,6,0,0
Elias Fausto,3514908,0.86,13.6%,2,639,3684,18,104,2.8%,,99.6,88.0,85.5,467,6,0,0
Elisiário,3514924,0.37,16.9%,4,162,4630,3,86,1.9%,,91.9,91.6,91.6,50,23.16,0,0
Embaúba,3514957,0.29,19.1%,2,53,2200,1,42,1.9%,,51.6,100.0,100.0,0,0,0,0
Embu das Artes,3515004,384.64,10.9%,0,3853,1423,185,68,4.8%,,55.4,100.0,74.4,782,11.06,0,0
Embu-Guaçu,3515103,4.37,13.3%,2,1319,1938,45,66,3.4%,,38.0,84.2,38.6,14474,64,0,0
Emilianópolis,3515129,0.14,20.4%,4,65,2119,2,65,3.1%,,97.8,91.4,91.2,1100,6,0,0
Engenheiro Coelho,3515152,1.87,9.1%,3,892,4344,21,102,2.4%,,97.6,73.1,73.1,0,0,0,0
Espírito Santo do Pinhal,3515186,1.09,18.4%,1,997,2342,20,47,2.0%,,94.5,88.1,87.7,930,6.04,0,0
Espírito Santo do Turvo,3515194,0.25,13.0%,4,55,1146,0,0,0.0%,,97.7,86.1,86.1,1028,6,0,0
Estiva Gerbi,3557303,1.49,14.5%,2,165,1489,4,36,2.4%,,94.5,100.0,100.0,0,6,0,6
Estrela D Oeste,3515202,0.27,20.8%,5,538,6647,13,161,2.4%,,95.4,95.8,92.4,1109,6,300,6
Estrela do Norte,3515301,0.10,15.6%,4,62,2326,2,75,3.2%,,100.0,94.7,93.9,531,6,0,0
Euclides da Cunha Paulista,3515350,0.17,15.0%,4,47,493,3,31,6.4%,,96.2,66.8,59.0,317,6,0,0
Fartura,3515400,0.36,18.7%,2,141,901,1,6,0.7%,,92.8,89.3,87.4,1984,8.65,1641,6
Fernandópolis,3515509,12.02,20.7%,2,2981,4509,60,91,2.0%,,96.4,100.0,99.7,1136,6.08,0,0
Fernando Prestes,3515608,0.33,21.9%,2,146,2620,3,54,2.1%,,94.8,100.0,99.2,583,7.67,0,0
Fernão,3515657,1.64,19.2%,4,14,849,0,0,0.0%,,100.0,62.0,61.8,0,0,0,0
Ferraz de Vasconcelos,3515707,65.30,10.9%,2,4708,2439,134,69,2.8%,,68.2,96.8,83.1,4940,10.05,0,0
Flora Rica,3515806,0.07,23.2%,4,19,1196,1,63,5.3%,,100.0,93.6,91.5,444,6,0,0
Floreal,3515905,0.14,26.8%,4,49,1716,1,35,2.0%,,100.0,92.8,92.4,0,0,0,0
Flórida Paulista,3516002,0.23,16.9%,4,62,512,1,8,1.6%,,100.0,71.5,70.9,394,6,0,0
Florínia,3516101,0.12,20.7%,4,29,1073,1,37,3.4%,,98.4,89.4,87.3,914,6,0,0
Franca,3516200,5.65,15.7%,2,6661,1947,193,56,2.9%,,98.8,100.0,99.6,4199,6,0,0
Francisco Morato,3516309,3559.24,10.7%,5,3029,1737,135,77,4.5%,,36.6,96.9,47.0,443,12.38,0,0
Franco da Rocha,3516408,11.46,11.2%,2,2913,1914,128,84,4.4%,,53.4,97.9,66.8,345,12.1,0,0
Gabriel Monteiro,3516507,0.19,22.7%,4,41,1528,4,149,9.8%,,99.8,99.1,98.5,1067,6.67,0,0
Gália,3516606,0.18,21.9%,2,68,1036,4,61,5.9%,,100.0,81.7,80.3,300,6.5,0,0
Garça,3516705,0.76,19.0%,2,740,1742,19,45,2.6%,,70.3,90.9,90.9,0,0,0,0
Gastão Vidigal,3516804,0.26,15.3%,2,79,1657,12,252,15.2%,,100.0,85.3,84.7,0,0,0,0
Gavião Peixoto,3516853,0.19,13.5%,4,240,5206,1,22,0.4%,,76.6,100.0,80.9,600,6,0,0
General Salgado,3516903,0.22,20.2%,2,232,2179,2,19,0.9%,,99.9,100.0,98.4,491,6,230,6
Getulina,3517000,0.16,16.6%,2,252,2323,2,18,0.8%,,100.0,77.1,75.9,0,0,0,0
Glicério,3517109,1.74,18.6%,4,57,1200,2,42,3.5%,,100.0,66.4,65.4,0,0,0,0
Guaiçara,3517208,0.43,14.4%,2,552,4620,5,42,0.9%,,97.4,100.0,100.0,0,7,0,6.5
Guaimbê,3517307,0.25,16.8%,4,63,1138,3,54,4.8%,,86.2,99.5,99.5,0,0,0,0
Guaíra,3517406,0.31,16.7%,2,1556,3984,44,113,2.8%,,79.7,100.0,100.0,7817,10.5,472,7.53
Guapiaçu,3517505,0.64,16.1%,4,1001,4801,29,139,2.9%,,87.8,100.0,100.0,164,6.21,363,7.62
Guapiara,3517604,0.44,15.5%,4,133,748,10,56,7.5%,,58.8,60.9,34.1,196,8.7,0,0
Guará,3517703,0.57,14.5%,2,557,2675,21,101,3.8%,,84.9,100.0,100.0,962,20,0,0
Guaraçaí,3517802,1.48,21.2%,2,83,987,1,12,1.2%,,88.0,78.9,78.9,22,6,0,0
Guaraci,3517901,1.71,15.1%,2,262,2387,5,46,1.9%,,83.8,89.2,89.2,650,6,0,0
Guarani D Oeste,3518008,2.24,21.4%,4,51,2653,0,0,0.0%,,100.0,100.0,97.0,0,0,0,0
Guarantã,3518107,0.14,16.1%,4,148,2285,2,31,1.4%,,100.0,100.0,100.0,200,9.6,0,0
Guararapes,3518206,0.34,18.1%,2,602,1877,7,22,1.2%,,90.2,99.5,99.5,0,0,0,0
Guararema,3518305,1.09,14.1%,2,524,1781,29,99,5.5%,,62.7,72.9,50.0,1935,6.54,0,0
Guaratinguetá,3518404,1.57,17.2%,2,1756,1484,53,45,3.0%,,80.0,98.9,92.9,0,0,0,0
Guareí,3518503,0.28,12.5%,2,1991,12641,6,38,0.3%,,64.3,62.5,41.2,389,6.56,0,0
Guariba,3518602,1.44,12.5%,2,1222,3132,33,85,2.7%,,100.0,98.4,100.0,2209,9.04,0,0
Guarujá,3518701,21.85,13.1%,2,9677,3058,381,120,3.9%,,69.1,82.0,69.3,4487,8.3,989,6
Guarulhos,3518800,42.40,12.0%,2,23258,1721,1546,114,6.6%,,69.4,96.2,86.0,826,13.06,0,0
Guatapará,3518859,0.18,16.3%,4,130,1747,3,40,2.3%,,70.5,100.0,73.5,0,0,0,0
Guzolândia,3518909,0.20,17.5%,4,78,1527,3,59,3.8%,,100.0,87.9,87.0,0,0,0,0
Herculândia,3519006,0.25,16.2%,2,77,832,4,43,5.2%,,39.3,91.1,88.9,0,0,125,6
Holambra,3519055,2.21,13.0%,3,431,2974,3,21,0.7%,,98.1,95.0,90.0,0,0,0,0
Hortolândia,3519071,36.89,11.3%,2,6833,2967,152,66,2.2%,,89.6,100.0,100.0,1412,6,0,0
Iacanga,3519105,0.21,16.1%,2,296,2618,5,44,1.7%,,80.0,86.0,80.5,0,0,0,0
Iacri,3519204,0.19,19.9%,4,41,654,0,0,0.0%,,100.0,91.1,89.5,1471,6,0,0
Iaras,3519253,0.17,12.9%,5,74,1073,3,44,4.1%,,89.6,33.3,28.6,539,7.43,150,8.5
Ibaté,3519303,1.19,11.8%,3,395,1137,5,14,1.3%,,96.9,96.0,96.0,0,7,0,7
Ibirá,3519402,0.44,18.4%,2,409,3392,10,83,2.4%,,96.7,90.2,89.0,109,6,0,0
Ibirarema,3519501,0.33,15.3%,4,142,1891,5,67,3.5%,,84.8,92.4,92.4,0,0,0,0
Ibitinga,3519600,0.85,15.8%,2,1631,2788,45,77,2.8%,,0.0,0.0,0.0,0,0,0,0
Ibiúna,3519709,0.72,14.3%,2,460,602,27,35,5.9%,,36.6,47.9,19.2,866,6,300,6
Icém,3519808,0.22,14.6%,2,178,2216,3,37,1.7%,,91.2,91.9,88.3,472,6,0,0
Iepê,3519907,0.13,18.4%,2,111,1401,3,38,2.7%,,48.7,88.4,80.0,0,0,0,0
Igaraçu do Tietê,3520004,2.47,14.1%,4,434,1798,14,58,3.2%,,96.9,97.9,97.9,460,9.33,208,7.17
Igarapava,3520103,0.63,16.7%,2,687,2332,18,61,2.6%,,93.7,95.9,94.8,1765,6.29,0,0
Igaratá,3520202,0.32,16.5%,4,926,9944,8,86,0.9%,,44.3,57.0,25.9,562,7.83,0,0
Iguape,3520301,1.49,18.3%,2,621,2108,14,48,2.3%,,76.4,65.0,46.3,1417,6,0,0
Ilhabela,3520400,0.97,11.2%,2,1724,5151,13,39,0.8%,,53.1,69.0,38.3,1643,10.93,0,0
Ilha Comprida,3520426,0.52,21.7%,2,166,1612,5,49,3.0%,,58.6,87.8,43.0,3288,7.37,0,0
Ilha Solteira,3520442,0.39,20.4%,2,454,1763,17,66,3.7%,,92.9,100.0,93.8,0,0,0,0
Indaiatuba,3520509,7.80,14.0%,2,5191,2137,228,94,4.4%,,85.0,97.0,95.5,0,0,0,0
Indiana,3520608,0.37,18.7%,4,144,3016,3,63,2.1%,,47.2,85.5,85.5,0,0,0,0
Indiaporã,3520707,0.14,24.2%,4,36,934,0,0,0.0%,,97.9,86.3,77.9,1000,6,0,0
Inúbia Paulista,3520806,0.45,17.7%,4,28,719,1,26,3.6%,,99.8,89.5,89.2,883,6,1404,6
Ipaussu,3520905,0.69,15.6%,2,316,2178,4,28,1.3%,,99.9,91.2,91.2,0,0,0,0
Iperó,3521002,2.02,11.6%,2,275,801,4,12,1.5%,,77.5,67.4,50.2,1407,8.92,0,0
Ipeúna,3521101,0.40,12.4%,2,143,1889,1,13,0.7%,,70.2,86.1,80.0,0,0,0,0
Ipiguá,3521150,0.38,18.1%,2,244,4665,8,153,3.3%,,80.0,60.4,60.4,0,0,0,0
Iporanga,3521200,0.04,14.9%,4,77,1747,1,23,1.3%,,100.0,53.7,49.0,191,6.33,0,0
Ipuã,3521309,0.34,12.8%,4,595,3751,21,132,3.5%,,58.2,98.8,98.8,0,0,0,0
Iracemápolis,3521408,2.05,13.9%,2,1211,5120,15,63,1.2%,,100.0,100.0,100.0,0,0,0,0
Irapuã,3521507,0.30,17.3%,2,160,2069,2,26,1.3%,,99.7,88.2,88.2,150,6,0,0
Irapuru,3521606,0.34,19.7%,4,60,818,2,27,3.3%,,76.4,70.1,70.1,160,6.25,0,21.33
Itaberá,3521705,0.16,16.8%,2,204,1158,3,17,1.5%,,87.0,79.0,69.9,862,6,0,0
Itaí,3521804,0.24,13.4%,3,150,566,1,4,0.7%,,97.8,67.3,66.4,855,6,0,0
Itajobi,3521903,0.29,21.8%,2,485,3319,11,75,2.3%,,80.0,83.3,83.3,0,0,0,0
Itaju,3522000,0.16,17.0%,4,180,4926,1,27,0.6%,,83.3,67.8,79.9,0,0,0,0
Itanhaém,3522109,1.64,17.3%,2,1472,1491,77,78,5.2%,,54.7,94.5,45.2,13970,7.5,30850,10.29
Itaóca,3522158,0.17,18.7%,4,37,1161,0,0,0.0%,,54.1,70.4,30.5,155,6.5,0,0
Itapecerica da Serra,3522208,11.25,10.7%,2,2724,1606,163,96,6.0%,,37.3,96.7,46.8,909,12.48,0,0
Itapetininga,3522307,0.90,14.4%,2,2228,1391,59,37,2.6%,,91.7,96.1,90.1,313,6.32,0,0
Itapeva,3522406,0.50,13.4%,2,931,1015,13,14,1.4%,,87.2,93.0,81.9,598,6,0,0
Itapevi,3522505,28.76,9.7%,2,3493,1469,236,99,6.8%,,52.4,95.0,66.5,738,11.62,0,0
Itapira,3522604,1.38,18.5%,2,1910,2671,46,64,2.4%,,100.0,99.2,99.2,0,0,0,0
Itapirapuã Paulista,3522653,0.10,13.3%,5,68,1627,1,24,1.5%,,68.1,59.1,36.6,248,6,0,0
Itápolis,3522703,0.42,18.2%,2,550,1324,12,29,2.2%,,92.4,99.8,99.8,1018,6,241,6
Itaporanga,3522802,28.91,18.3%,2,252,1716,7,48,2.8%,,90.9,84.2,70.7,378,6,337,6
Itapuí,3522901,0.98,15.1%,2,374,2714,5,36,1.3%,,87.3,96.5,93.9,600,7,300,6
Itapura,3523008,0.16,16.3%,4,77,1566,1,20,1.3%,,78.1,79.5,69.3,0,0,0,0
Itaquaquecetuba,3523107,44.85,10.1%,4,4575,1235,301,81,6.6%,,53.5,100.0,70.3,3777,9.79,0,0
Itararé,3523206,0.49,15.3%,2,644,1314,21,43,3.3%,,91.7,90.7,82.8,1100,6.93,0,0
Itariri,3523305,0.63,14.0%,2,382,2211,7,41,1.8%,,69.8,38.2,27.6,490,6,0,0
Itatiba,3523404,3.66,14.7%,2,1866,1582,32,27,1.7%,,87.4,88.6,83.4,547,6.92,0,0
Itatinga,3523503,0.21,11.9%,2,326,1586,7,34,2.1%,,98.0,83.8,83.1,2219,6,0,0
Itirapina,3523602,3.04,12.1%,2,350,2039,6,35,1.7%,,100.0,79.3,86.6,0,0,0,0
Itirapuã,3523701,0.39,15.8%,4,43,685,1,16,2.3%,,95.2,87.6,86.5,1645,6,0,0
Itobi,3523800,0.55,17.1%,4,439,5769,5,66,1.1%,,93.1,92.5,89.5,194,6,0,0
Itu,3523909,2.65,14.3%,2,3438,2025,106,62,3.1%,,92.3,100.0,93.0,5495,8,555,6.02
Itupeva,3524006,2.95,11.0%,3,1819,3075,34,57,1.9%,,71.8,80.9,70.8,394,6,493,6
Ituverava,3524105,0.57,18.3%,2,577,1434,26,65,4.5%,,100.0,100.0,100.0,0,0,0,0
Jaborandi,3524204,0.24,16.9%,2,147,2202,3,45,2.0%,,100.0,82.3,87.2,538,8.75,0,0
Jaboticabal,3524303,10.50,18.0%,2,825,1112,50,67,6.1%,,100.0,97.1,97.1,3100,52,0,0
Jacareí,3524402,4.91,15.6%,2,3895,1709,150,66,3.9%,,78.3,99.4,98.9,2823,13.58,3402,15.69
Jaci,3524501,0.48,13.6%,2,356,5108,6,86,1.7%,,100.0,86.1,86.1,0,0,0,0
Jacupiranga,3524600,0.24,15.4%,2,497,2886,17,99,3.4%,,91.9,66.1,58.8,439,6,0,0
Jaguariúna,3524709,3.88,13.4%,2,1197,2182,29,53,2.4%,,98.6,97.1,95.2,10450,8,0,0
Jales,3524808,1.28,20.9%,2,2017,4268,61,129,3.0%,,100.0,100.0,99.7,581,6,5000,7
Jambeiro,3524907,0.34,15.2%,2,90,1448,5,80,5.6%,,61.2,72.5,48.8,245,8.33,60,8
Jandira,3525003,70.83,10.9%,2,1830,1481,100,81,5.5%,,57.8,100.0,78.6,1383,13.41,0,0
Jardinópolis,3525102,0.85,14.8%,2,890,2075,52,121,5.8%,,78.6,100.0,100.0,0,6,0,0
Jarinu,3525201,1.44,13.4%,2,451,1512,24,80,5.3%,,36.0,67.2,22.8,429,6.06,205,6
Jaú,3525300,21.47,16.2%,2,3207,2174,70,47,2.2%,,100.0,96.9,96.9,1401,6.5,0,0
Jeriquara,3525409,0.22,14.3%,2,64,2038,0,0,0.0%,,100.0,100.0,99.2,935,6,0,0
Joanópolis,3525508,0.34,18.3%,2,136,1074,3,24,2.2%,,70.4,70.0,63.9,249,17.14,0,0
João Ramalho,3525607,0.11,13.4%,4,93,2121,3,68,3.2%,,80.0,84.9,84.9,50,6,0,0
José Bonifácio,3525706,4.18,16.3%,2,1307,3632,21,58,1.6%,,83.3,89.7,88.9,0,0,0,0
Júlio Mesquita,3525805,0.36,16.6%,4,35,754,2,43,5.7%,,0.0,0.0,0.0,0,0,0,0
Jumirim,3525854,0.58,14.2%,2,85,2571,1,30,1.2%,,62.5,96.1,56.4,0,0,50,27.5
Jundiaí,3525904,9.44,17.2%,2,13597,3341,419,103,3.1%,,100.0,99.1,98.2,1003,8,0,0
Junqueirópolis,3526001,0.34,18.5%,2,205,1022,5,25,2.4%,,55.2,82.2,82.2,0,6,0,1.290.32
Juquiá,3526100,2.32,16.6%,4,439,2332,12,64,2.7%,,76.2,69.7,51.9,1475,6,0,0
Juquitiba,3526209,0.58,13.6%,2,1069,3516,16,53,1.5%,,34.9,45.6,14.6,415,9.02,0,0
Lagoinha,3526308,0.19,20.4%,4,70,1453,0,0,0.0%,,100.0,65.0,64.1,0,0,0,0
Laranjal Paulista,3526407,0.72,17.2%,2,935,3359,6,22,0.6%,,93.3,90.4,86.7,171,6,117,9.54
Lavínia,3526506,0.16,12.2%,2,379,4459,1,12,0.3%,,94.7,48.0,46.7,0,6,0,50
Lavrinhas,3526605,0.43,12.6%,4,63,879,1,14,1.6%,,63.3,96.9,65.1,654,6,0,0
Leme,3526704,2.51,14.1%,2,2943,2915,74,73,2.5%,,98.3,97.9,97.9,0,0,0,0
Lençóis Paulista,3526803,0.82,14.8%,2,2953,4451,50,75,1.7%,,90.2,97.8,97.8,10216,42,374,8
Limeira,3526902,5.10,16.4%,2,9697,3273,275,93,2.8%,,82.0,97.0,97.0,0,0,0,0
Lindóia,3527009,1.58,16.6%,3,103,1334,3,39,2.9%,,74.7,98.7,67.0,0,0,0,0
Lins,3527108,1.32,18.0%,2,2880,3836,44,59,1.5%,,90.8,100.0,99.8,933,6,0,0
Lorena,3527207,2.09,16.6%,2,1212,1399,31,36,2.6%,,92.7,100.0,99.3,6359,10.55,5400,7
Lourdes,3527256,0.19,20.4%,4,61,2796,1,46,1.6%,,100.0,86.7,85.3,0,0,0,0
Louveira,3527306,8.76,10.0%,2,960,1989,25,52,2.6%,,80.0,98.8,85.0,237,6.06,237,6.06
Lucélia,3527405,0.67,18.0%,2,109,519,7,33,6.4%,,100.0,90.1,88.7,345,6,1750,10
Lucianópolis,3527504,0.12,20.2%,4,15,663,0,0,0.0%,,92.4,86.0,79.8,550,6,0,0
Luís Antônio,3527603,0.24,10.8%,2,324,2287,10,71,3.1%,,74.6,86.3,86.3,400,9,0,0
Luiziânia,3527702,0.35,14.9%,4,89,1547,2,35,2.2%,,100.0,85.3,85.1,1659,74.86,0,0
Lupércio,3527801,0.28,16.9%,4,38,860,0,0,0.0%,,100.0,90.7,90.2,635,13.7,0,0
Lutécia,3527900,0.06,18.9%,4,7,267,0,0,0.0%,,100.0,93.1,91.5,713,6,400,6
Macatuba,3528007,0.75,15.2%,2,830,4902,10,59,1.2%,,78.9,96.7,96.7,0,0,0,0
Macaubal,3528106,0.31,22.4%,2,101,1303,4,52,4.0%,,79.9,88.4,88.0,0,0,0,0
Macedônia,3528205,0.11,23.5%,2,102,2854,4,112,3.9%,,100.0,80.1,79.5,0,0,0,0
Magda,3528304,0.10,23.3%,4,45,1457,2,65,4.4%,,100.0,94.9,92.6,0,0,0,0
Mairinque,3528403,2.20,14.3%,2,558,1205,20,43,3.6%,,73.2,100.0,81.8,31,8,0,0
Mairiporã,3528502,30.75,13.4%,2,1744,1768,63,64,3.6%,,32.8,57.6,25.0,2303,21.84,0,0
Manduri,3528601,0.42,17.3%,4,121,1270,0,0,0.0%,,71.6,85.9,85.9,0,9,0,6.67
Marabá Paulista,3528700,0.05,14.1%,4,50,1014,1,20,2.0%,,100.0,36.6,36.3,896,6,0,0
Maracaí,3528809,2.53,17.4%,2,188,1390,1,7,0.5%,,100.0,92.4,91.4,789,6,1058,6
Marapoama,3528858,0.26,19.2%,2,82,2822,3,103,3.7%,,100.0,96.2,80.4,0,0,0,0
Mariápolis,3528908,0.21,18.5%,2,28,704,0,0,0.0%,,100.0,85.1,82.2,1324,6,0,0
Marília,3529005,1.98,17.6%,2,4279,1848,72,31,1.7%,,88.4,100.0,100.0,0,0,0,0
Marinópolis,3529104,0.27,19.4%,4,57,2718,1,48,1.8%,,98.7,82.4,81.8,0,0,0,0
Martinópolis,3529203,0.20,16.9%,2,322,1254,14,55,4.3%,,80.4,100.0,100.0,0,0,0,0
Matão,3529302,15.24,16.8%,2,932,1165,26,32,2.8%,,100.0,99.4,99.4,0,0,0,0
Mauá,3529401,74.32,12.6%,2,8395,1824,384,83,4.6%,,92.5,98.0,92.9,22884,43,0,9.8
Mendonça,3529500,0.26,18.4%,2,179,3549,10,198,5.6%,,77.7,100.0,81.8,0,0,0,0
Meridiano,3529609,1.64,20.9%,4,133,3557,5,134,3.8%,,100.0,100.0,97.3,309,7,0,0
Mesópolis,3529658,0.13,19.4%,4,34,1796,1,53,2.9%,,95.8,94.4,89.6,0,0,730,8
Miguelópolis,3529708,0.26,15.2%,2,570,2661,15,70,2.6%,,99.4,83.9,85.0,4617,6,0,0
Mineiros do Tietê,3529807,0.59,16.3%,2,298,2366,7,56,2.3%,,82.5,95.5,95.5,0,0,0,0
Miracatu,3529906,0.20,14.8%,2,361,1811,17,85,4.7%,,86.9,58.6,49.9,477,6.76,300,10
Mira Estrela,3530003,0.14,23.1%,4,58,1973,1,34,1.7%,,100.0,62.7,62.4,0,0,1145,6
Mirandópolis,3530102,0.31,17.9%,2,591,2063,10,35,1.7%,,71.4,100.0,86.3,0,0,0,0
Mirante do Paranapanema,3530201,0.14,19.0%,4,136,765,5,28,3.7%,,87.4,59.1,44.6,1348,6,700,6
Mirassol,3530300,2.38,17.5%,2,2286,3953,56,97,2.4%,,100.0,97.5,97.5,40,48,0,0
Mirassolândia,3530409,0.28,18.0%,4,182,3871,2,43,1.1%,,75.8,99.0,56.5,0,24,0,24
Mococa,3530508,0.78,18.8%,2,1486,2226,33,49,2.2%,,92.5,100.0,99.2,1040,6,0,0
Mogi das Cruzes,3530607,6.08,14.0%,0,9088,2099,432,100,4.8%,,77.2,98.5,93.6,1531,8.51,0,0
Mogi Guaçu,3530706,1.82,16.2%,2,3175,2141,80,54,2.5%,,77.5,94.9,92.1,0,0,0,0
Mogi Mirim,3530805,1.82,17.9%,2,2142,2368,58,64,2.7%,,90.9,93.5,92.6,6600,8,0,0
Mombuca,3530904,2.49,14.3%,2,52,1561,1,30,1.9%,,85.7,100.0,92.8,125,6,0,0
Monções,3531001,0.21,22.3%,2,79,3632,3,138,3.8%,,99.2,100.0,98.4,0,0,0,0
Mongaguá,3531100,3.81,16.9%,2,740,1355,20,37,2.7%,,87.5,90.7,75.5,46932,20,34970,23
Monte Alegre do Sul,3531209,0.70,19.3%,2,70,903,1,13,1.4%,,35.2,95.8,47.1,0,0,0,0
Monte Alto,3531308,1.40,19.2%,2,1131,2337,38,79,3.4%,,100.0,100.0,99.3,1037,6,0,0
Monte Aprazível,3531407,0.47,18.9%,2,735,3133,17,72,2.3%,,95.1,91.2,88.2,725,6,0,0
Monte Azul Paulista,3531506,0.69,18.5%,2,235,1292,2,11,0.9%,,85.0,98.4,97.6,0,0,0,0
Monte Castelo,3531605,0.17,23.5%,4,111,2781,4,100,3.6%,,0.0,0.0,0.0,0,0,0,0
Monteiro Lobato,3531704,0.13,18.4%,4,75,1680,1,22,1.3%,,87.2,49.8,39.5,70,8,0,0
Monte Mor,3531803,2.48,11.9%,2,1606,2694,32,54,2.0%,,72.6,100.0,90.0,1095,6,0,0
Morro Agudo,3531902,0.23,12.3%,2,1230,3804,25,77,2.0%,,80.3,99.0,99.0,567,6,0,6
Morungaba,3532009,0.90,14.5%,2,135,1019,3,23,2.2%,,91.5,89.8,86.8,498,6,0,0
Motuca,3532058,2.03,15.9%,4,65,1401,3,65,4.6%,,74.7,100.0,100.0,0,0,0,0
Murutinga do Sul,3532108,0.17,22.9%,4,60,1402,2,47,3.3%,,65.0,61.5,58.0,0,0,195,8.75
Nantes,3532157,0.11,12.9%,4,48,1563,0,0,0.0%,,98.6,100.0,100.0,0,0,0,0
Narandiba,3532207,0.14,13.4%,5,114,2355,3,62,2.6%,,100.0,100.0,99.5,838,6,0,0
Natividade da Serra,3532306,0.08,21.4%,2,34,508,1,15,2.9%,,71.4,42.8,42.8,433,8,300,12.5
Nazaré Paulista,3532405,0.57,16.0%,3,285,1545,5,27,1.8%,,23.6,39.5,12.2,0,0,0,0
Neves Paulista,3532504,0.39,23.1%,2,268,3109,7,81,2.6%,,44.0,90.3,84.0,0,0,0,0
Nhandeara,3532603,0.25,23.4%,2,229,2124,6,56,2.6%,,97.2,86.7,85.4,60,6,0,0
Nipoã,3532702,0.36,13.6%,2,115,2314,2,40,1.7%,,97.9,86.8,83.2,260,6,0,0
Nova Aliança,3532801,0.30,18.5%,3,253,3922,4,62,1.6%,,79.9,100.0,100.0,0,0,0,0
Nova Campina,3532827,0.25,10.2%,5,76,786,4,41,5.3%,,100.0,54.7,54.0,127,6,0,0
Nova Canaã Paulista,3532843,0.16,28.5%,4,78,4027,2,103,2.6%,,100.0,88.0,86.6,0,0,0,0
Nova Castilho,3532868,0.64,18.3%,4,21,1786,2,170,9.5%,,0.0,0.0,0.0,0,0,0,0
Nova Europa,3532900,0.67,13.4%,2,278,2586,2,19,0.7%,,79.9,91.3,91.3,0,6,0,6.67
Nova Granada,3533007,3.93,16.6%,2,928,4436,18,86,1.9%,,98.5,93.7,92.8,535,6,0,0
Nova Guataporanga,3533106,0.64,23.1%,4,32,1461,0,0,0.0%,,100.0,95.5,94.9,900,7,0,0
Nova Independência,3533205,0.14,13.2%,4,95,2546,1,27,1.1%,,94.0,98.3,98.3,1591,12,0,0
Novais,3533254,0.47,11.1%,5,190,3449,8,145,4.2%,,86.7,91.1,91.1,205,15,205,14
Nova Luzitânia,3533304,0.55,15.6%,4,98,2423,2,49,2.0%,,96.2,77.0,76.4,300,6,0,0
Nova Odessa,3533403,7.87,15.1%,2,1298,2236,54,93,4.2%,,100.0,99.0,99.0,300,9.56,300,9.56
Novo Horizonte,3533502,0.42,17.8%,2,1217,3124,24,62,2.0%,,91.2,96.0,95.3,364,6,0,0
Nuporanga,3533601,0.21,17.5%,2,125,1720,1,14,0.8%,,99.1,99.0,98.9,160,6,0,0
Ocauçu,3533700,0.14,18.9%,4,38,917,0,0,0.0%,,80.3,79.8,79.8,0,0,0,0
Óleo,3533809,0.13,23.6%,2,6,237,0,0,0.0%,,96.2,90.4,77.5,83,6,1000,6
Olímpia,3533908,0.65,18.3%,2,2682,5107,67,128,2.5%,,73.5,94.4,94.4,1583,6,0,0
Onda Verde,3534005,0.17,15.0%,4,224,5302,4,95,1.8%,,90.4,100.0,98.9,0,0,0,0
Oriente,3534104,0.29,19.3%,4,92,1468,4,64,4.3%,,100.0,95.4,94.9,844,6,600,6
Orindiúva,3534203,0.28,11.2%,4,306,4457,5,73,1.6%,,88.4,86.2,86.0,850,6,0,0
Orlândia,3534302,1.45,16.1%,2,1098,2598,38,90,3.5%,,100.0,99.4,98.4,1343,8.29,171,6.36
Osasco,3534401,104.84,13.7%,2,14768,2169,840,123,5.7%,,60.5,100.0,98.5,1019,11.82,0,0
Oscar Bressane,3534500,0.11,24.1%,4,24,955,0,0,0.0%,,100.0,87.6,86.4,525,15,0,0
Osvaldo Cruz,3534609,1.26,21.3%,2,314,1004,10,32,3.2%,,100.0,96.3,95.7,1639,6,0,0
Ourinhos,3534708,3.74,17.0%,3,2166,1960,37,33,1.7%,,77.9,97.4,96.5,0,6.58,0,0
Ouroeste,3534757,0.34,15.7%,2,339,3467,6,61,1.8%,,100.0,100.0,99.0,0,0,0,0
Ouro Verde,3534807,0.31,16.2%,4,62,750,0,0,0.0%,,71.9,92.0,92.0,0,0,0,0
Pacaembu,3534906,0.38,18.6%,2,344,2635,9,69,2.6%,,0.0,0.0,0.0,0,0,0,0
Palestina,3535002,1.74,18.8%,2,148,1217,5,41,3.4%,,87.1,81.4,77.3,0,0,0,0
Palmares Paulista,3535101,1.58,9.6%,4,393,3024,14,108,3.6%,,99.7,83.6,82.9,504,6,0,0
Palmeira D Oeste,3535200,0.29,24.0%,4,239,2618,6,66,2.5%,,99.5,92.6,88.0,1700,6,0,0
Palmital,3535309,0.39,20.5%,2,488,2259,6,28,1.2%,,73.5,91.5,91.5,250,6.67,400,6.67
Panorama,3535408,0.43,15.4%,2,124,816,6,39,4.8%,,53.5,95.8,94.2,0,0,0,0
Paraguaçu Paulista,3535507,0.44,16.1%,2,654,1480,15,34,2.3%,,100.0,94.1,93.4,5552,38.44,0,0
Paraibuna,3535606,0.23,16.5%,2,196,1075,10,55,5.1%,,72.7,73.5,42.9,690,9,0,0
Paraíso,3535705,0.40,17.8%,2,164,2616,4,64,2.4%,,0.0,0.0,0.0,0,0,0,0
Paranapanema,3535804,0.20,13.4%,2,200,1002,3,15,1.5%,,86.2,72.4,62.1,506,6.37,0,0
Paranapuã,3535903,0.28,20.1%,4,109,2801,5,128,4.6%,,100.0,100.0,99.3,1300,6,400,8
Parapuã,3536000,0.29,21.4%,2,96,914,4,38,4.2%,,100.0,93.8,92.8,1915,6,0,0
Pardinho,3536109,0.30,14.3%,2,176,2753,1,16,0.6%,,85.1,76.3,63.6,132,6,80,6
Pariquera-Açu,3536208,0.54,15.2%,2,777,4036,14,73,1.8%,,91.8,74.2,64.2,1235,6,610,6
Parisi,3536257,0.24,22.3%,4,111,5404,5,243,4.5%,,80.0,80.8,80.8,0,0,0,0
Patrocínio Paulista,3536307,0.24,15.4%,2,191,1321,8,55,4.2%,,90.5,100.0,100.0,125,7,467,6.17
Paulicéia,3536406,0.19,14.0%,4,54,756,2,28,3.7%,,41.4,98.8,49.3,0,0,0,0
Paulínia,3536505,7.57,12.1%,2,5531,5266,81,77,1.5%,,81.4,100.0,99.9,1614,6,592,6
Paulistânia,3536570,0.07,18.4%,4,9,509,0,0,0.0%,,98.4,82.1,81.6,259,7.45,0,0
Paulo de Faria,3536604,0.12,16.8%,2,201,2359,3,35,1.5%,,90.3,88.7,87.5,45,6,0,0
Pederneiras,3536703,0.63,14.6%,2,806,1769,17,37,2.1%,,94.8,99.7,96.7,602,6,0,0
Pedra Bela,3536802,0.38,19.2%,4,100,1677,1,17,1.0%,,62.9,26.8,21.4,281,11,0,0
Pedranópolis,3536901,0.93,24.6%,4,46,1899,2,83,4.3%,,94.9,78.5,68.2,0,0,0,0
Pedregulho,3537008,2.28,15.7%,4,98,602,2,12,2.0%,,93.5,78.6,76.1,2716,6,0,0
Pedreira,3537107,4.28,15.2%,2,587,1261,9,19,1.5%,,61.0,98.2,97.7,63,9.28,0,0
Pedrinhas Paulista,3537156,0.20,19.3%,4,28,930,1,33,3.6%,,100.0,90.6,89.5,1055,11.5,0,0
Pedro de Toledo,3537206,0.16,16.5%,4,78,711,6,55,7.7%,,63.3,60.5,36.4,424,6,0,0
Penápolis,3537305,0.85,18.9%,2,1345,2213,31,51,2.3%,,80.0,95.5,95.5,0,0,0,0
Pereira Barreto,3537404,0.26,17.7%,2,377,1485,9,35,2.4%,,100.0,93.1,93.1,0,0,0,0
Pereiras,3537503,0.38,16.7%,5,227,2693,1,12,0.4%,,100.0,79.0,71.9,300,6,212,6
Peruíbe,3537602,2.03,16.9%,2,1216,1837,42,63,3.5%,,89.7,97.7,77.0,15149,9.07,6308,33.97
Piacatu,3537701,0.25,17.1%,2,83,1409,0,0,0.0%,,98.7,95.4,94.3,1757,6,0,0
Piedade,3537800,0.72,16.4%,2,866,1618,33,62,3.8%,,62.5,56.1,34.5,582,6,2133,6.75
Pilar do Sul,3537909,0.41,15.1%,2,287,1017,5,18,1.7%,,72.3,90.1,62.8,561,6.2,0,0
Pindamonhangaba,3538006,224.12,14.6%,2,2517,1538,51,31,2.0%,,93.3,100.0,99.0,3746,9.25,1974,6
Pindorama,3538105,0.88,17.9%,2,569,3500,15,92,2.6%,,96.8,94.7,94.7,0,0,0,0
Pinhalzinho,3538204,0.95,19.4%,4,151,1023,2,14,1.3%,,63.6,57.1,46.4,0,0,0,0
Piquerobi,3538303,0.07,19.4%,4,42,1188,0,0,0.0%,,100.0,79.1,76.6,567,6,0,0
Piquete,3538501,77.54,19.7%,2,167,1224,3,22,1.8%,,85.9,93.7,78.5,250,7,250,7
Piracaia,3538600,0.68,16.8%,4,483,1837,6,23,1.2%,,57.8,68.2,50.8,736,16,0,0
Piracicaba,3538709,2.83,16.6%,2,15141,3884,368,94,2.4%,,100.0,100.0,100.0,8262,6.99,0,0
Piraju,3538808,0.57,19.0%,2,262,917,8,28,3.1%,,100.0,97.8,96.0,253,6,196,6
Pirajuí,3538907,0.28,16.7%,2,487,2094,9,39,1.8%,,91.6,100.0,86.6,425,10,0,0
Pirangi,3539004,0.50,20.0%,2,394,3640,16,148,4.1%,,96.7,100.0,100.0,3741,24,1871,6
Pirapora do Bom Jesus,3539103,1.74,9.8%,2,646,3427,7,37,1.1%,,49.0,82.6,52.4,515,12.24,0,0
Pirapozinho,3539202,0.57,15.8%,2,940,3454,22,81,2.3%,,96.3,97.2,92.6,2171,9.61,0,0
Pirassununga,3539301,1.01,18.3%,2,1795,2435,35,47,1.9%,,82.5,91.6,91.6,0,0,0,0
Piratininga,3539400,0.33,17.9%,2,332,2513,10,76,3.0%,,89.8,90.1,82.0,145,6,0,0
Pitangueiras,3539509,0.90,12.4%,2,1311,3398,28,73,2.1%,,96.0,97.9,97.9,0,0,0,0
Planalto,3539608,0.18,13.8%,4,204,3948,3,58,1.5%,,97.9,83.0,82.7,1343,6,0,0
Platina,3539707,0.11,16.3%,4,61,1742,0,0,0.0%,,100.0,73.9,73.8,0,0,0,0
Poá,3539806,66.94,13.2%,2,2112,1828,114,99,5.4%,,87.6,100.0,100.0,1177,10.78,0,0
Poloni,3539905,0.42,20.1%,4,92,1623,3,53,3.3%,,99.6,94.0,94.1,1178,6,0,0
Pompéia,3540002,0.27,17.6%,2,184,865,4,19,2.2%,,80.0,93.0,90.1,0,0,0,0
Pongaí,3540101,1.83,23.7%,2,123,3671,6,179,4.9%,,100.0,98.5,98.7,169,6,0,0
Pontal,3540200,1.38,9.3%,2,1583,3212,52,106,3.3%,,86.8,100.0,100.0,0,0,0,0
Pontalinda,3540259,0.21,15.1%,4,76,1694,5,111,6.6%,,100.0,83.2,82.5,0,0,0,0
Pontes Gestal,3540309,0.12,20.5%,4,141,5578,3,119,2.1%,,95.8,100.0,99.1,0,0,0,0
Populina,3540408,0.13,23.2%,4,65,1627,3,75,4.6%,,100.0,100.0,98.5,0,0,1000,6
Porangaba,3540507,0.35,19.7%,2,40,430,0,0,0.0%,,42.7,77.0,35.2,323,6,200,6
Porto Feliz,3540606,0.93,15.6%,2,1309,2532,15,29,1.1%,,99.9,99.9,99.9,67,7,67,7
Porto Ferreira,3540705,2.21,16.6%,2,1382,2554,35,65,2.5%,,70.9,98.2,94.7,0,0,0,0
Potim,3540754,4.66,10.4%,5,314,1517,4,19,1.3%,,78.6,78.7,78.7,0,10,0,13.33
Potirendaba,3540804,0.48,18.6%,2,644,3878,12,72,1.9%,,100.0,97.9,97.9,0,6.13,0,6.13
Pracinha,3540853,0.46,10.0%,4,6,206,0,0,0.0%,,100.0,47.8,93.5,188,6,0,0
Pradópolis,3540903,1.25,13.0%,4,790,3779,22,105,2.8%,,100.0,100.0,93.0,0,0,0,0
Praia Grande,3541000,21.23,14.9%,2,8323,2627,271,86,3.3%,,69.1,91.2,73.0,97373,17.67,2623,7.87
Pratânia,3541059,2.94,12.2%,4,62,1202,2,39,3.2%,,95.1,93.6,93.1,617,10.83,0,0
Presidente Alves,3541109,0.14,19.3%,4,80,1990,2,50,2.5%,,100.0,95.8,93.9,256,6,0,0
Presidente Bernardes,3541208,0.18,21.6%,2,395,2879,11,80,2.8%,,92.0,87.4,80.1,1684,6,0,0
Presidente Epitácio,3541307,0.34,16.4%,2,612,1443,19,45,3.1%,,96.2,95.5,84.6,2226,6,0,0
Presidente Prudente,3541406,3.94,17.7%,1,5817,2631,156,71,2.7%,,100.0,100.0,99.6,1548,7.24,4928,6
Presidente Venceslau,3541505,5.03,19.2%,4,517,1360,22,58,4.3%,,65.0,100.0,97.8,0,12,0,6.04
Promissão,3541604,5.09,15.5%,2,1798,4533,10,25,0.6%,,96.5,89.0,84.0,0,6,0,6
Quadra,3541653,0.18,17.3%,2,19,512,1,27,5.3%,,62.8,33.9,18.6,801,6.57,0,0
Quatá,3541703,0.21,14.8%,2,217,1557,4,29,1.8%,,100.0,93.1,92.6,1779,7.25,0,0
Queiroz,3541802,0.14,12.4%,4,27,823,2,61,7.4%,,100.0,98.6,98.2,143,6,0,0
Queluz,3541901,5.07,13.4%,2,330,2610,3,24,0.9%,,66.3,75.4,57.9,1222,7.44,0,0
Quintana,3542008,0.20,17.8%,4,66,1015,1,15,1.5%,,98.6,100.0,98.5,1316,6,0,0
Rafard,3542107,0.74,15.3%,2,206,2295,2,22,1.0%,,90.5,100.0,99.7,1050,7.5,1050,7.5
Rancharia,3542206,1.82,17.6%,2,993,3442,13,45,1.3%,,100.0,100.0,100.0,0,0,575,7.25
Redenção da Serra,3542305,0.12,19.9%,5,23,599,0,0,0.0%,,89.3,46.8,38.6,126,6.75,0,0
Regente Feijó,3542404,0.74,17.6%,2,154,790,5,26,3.2%,,100.0,100.0,99.1,1451,6,4500,6
Reginópolis,3542503,0.18,14.4%,4,119,1649,1,14,0.8%,,94.8,91.9,39.7,20,7,0,0
Registro,3542602,7.51,15.6%,2,1689,3115,46,85,2.7%,,91.6,97.9,88.8,808,6,0,0
Restinga,3542701,0.30,12.6%,4,80,1068,0,0,0.0%,,97.4,92.6,89.7,2168,11.5,0,0
Ribeira,3542800,0.10,19.5%,4,33,1018,0,0,0.0%,,40.9,69.9,24.0,240,7.11,0,0
Ribeirão Bonito,3542909,0.27,14.6%,2,313,2415,4,31,1.3%,,98.7,99.4,99.4,0,6.75,0,6
Ribeirão Branco,3543006,2.54,12.5%,2,260,1470,6,34,2.3%,,91.1,78.0,52.8,386,8.11,0,0
Ribeirão Corrente,3543105,0.31,14.0%,4,69,1479,1,21,1.4%,,99.1,79.2,78.8,0,0,0,0
Ribeirão dos Índios,3543238,0.11,23.5%,4,39,1822,3,140,7.7%,,100.0,90.6,89.3,386,6,0,0
Ribeirão do Sul,3543204,0.21,20.5%,4,50,1147,1,23,2.0%,,100.0,78.1,76.5,0,0,0,0
Ribeirão Grande,3543253,0.23,15.5%,4,114,1518,2,27,1.8%,,53.6,93.0,42.4,128,6,0,0
Ribeirão Pires,3543303,12.01,16.3%,2,2008,1688,76,64,3.8%,,65.5,90.3,73.9,1665,12.11,0,0
Ribeirão Preto,3543402,10.50,16.1%,1,25556,3737,863,126,3.4%,,100.0,99.7,99.6,229,12,29,6
Rifaina,3543600,0.21,19.3%,4,53,1528,3,87,5.7%,,94.7,88.0,84.1,541,6,0,0
Rincão,3543709,0.33,15.6%,4,109,1038,4,38,3.7%,,100.0,83.5,83.0,400,6,0,0
Rinópolis,3543808,0.27,21.9%,2,93,957,0,0,0.0%,,55.0,79.2,78.0,0,0,0,0
Rio Claro,3543907,4.04,16.9%,2,4280,2127,146,73,3.4%,,100.0,100.0,98.0,2692,6,0,0
Rio das Pedras,3544004,1.52,12.3%,2,762,2214,37,108,4.9%,,100.0,94.0,94.0,68,7.5,0,0
Rio Grande da Serra,3544103,13.71,11.7%,2,737,1479,28,56,3.8%,,55.9,84.4,51.7,903,11,0,0
Riolândia,3544202,1.81,12.8%,4,356,3114,3,26,0.8%,,92.6,73.7,73.1,1034,6.83,0,0
Riversul,3543501,0.15,19.5%,4,19,333,2,35,10.5%,,100.0,83.5,74.6,489,6,0,0
Rosana,3544251,0.25,17.0%,4,183,995,4,22,2.2%,,99.9,91.5,90.5,425,6,0,0
Roseira,3544301,0.81,13.8%,4,245,2302,3,28,1.2%,,94.0,94.1,91.8,1989,6.37,0,0
Rubiácea,3544400,0.13,13.8%,4,41,1320,0,0,0.0%,,100.0,91.6,90.2,750,6,0,0
Rubinéia,3544509,0.12,24.1%,4,75,2509,2,67,2.7%,,84.6,100.0,84.3,0,0,0,0
Sabino,3544608,0.18,20.2%,2,80,1463,6,110,7.5%,,87.4,100.0,100.0,50,12,0,0
Sagres,3544707,0.16,21.5%,4,7,296,0,0,0.0%,,100.0,88.8,84.6,526,6,0,0
Sales,3544806,0.20,19.3%,2,86,1421,3,50,3.5%,,100.0,90.0,100.0,0,0,0,0
Sales Oliveira,3544905,0.38,17.7%,2,465,4037,4,35,0.9%,,89.5,99.2,89.6,267,8,0,0
Salesópolis,3545001,39.62,14.9%,2,258,1532,13,77,5.0%,,68.4,62.6,53.8,1082,11.33,0,0
Salmourão,3545100,0.30,18.0%,4,20,391,1,20,5.0%,,100.0,87.3,86.8,1679,6,0,0
Saltinho,3545159,0.79,18.8%,2,148,1883,2,25,1.4%,,100.0,90.4,89.5,213,6,0,0
Salto,3545209,8.67,14.6%,2,3162,2741,67,58,2.1%,,91.9,100.0,98.6,0,0,0,0
Salto de Pirapora,3545308,1.58,14.9%,2,1051,2377,22,50,2.1%,,64.0,100.0,77.5,1410,6,7000,7.5
Salto Grande,3545407,0.48,17.9%,4,110,1209,2,22,1.8%,,50.0,100.0,68.3,0,10,0,6.63
Sandovalina,3545506,0.09,13.1%,5,61,1449,1,24,1.6%,,100.0,70.7,70.1,270,6,0,0
Santa Adélia,3545605,0.45,17.4%,2,394,2646,4,27,1.0%,,75.6,98.2,98.2,0,8,0,8
Santa Albertina,3545704,0.21,23.0%,4,203,3579,2,35,1.0%,,100.0,100.0,98.9,376,6,0,0
Santa Bárbara D Oeste,3545803,6.96,16.6%,2,6133,3249,191,101,3.1%,,89.3,100.0,100.0,0,7.14,0,6.5
Santa Branca,3546009,0.52,17.4%,4,206,1453,6,42,2.9%,,95.8,64.4,57.0,512,9.53,0,0
Santa Clara D Oeste,3546108,0.11,22.3%,4,53,2642,3,150,5.7%,,100.0,100.0,99.4,0,0,0,0
Santa Cruz da Conceição,3546207,0.29,19.8%,0,141,3242,0,0,0.0%,,58.0,70.0,61.1,1500,6,0,0
Santa Cruz da Esperança,3546256,0.14,18.2%,4,21,1011,2,96,9.5%,,95.7,86.6,84.8,0,0,0,0
Santa Cruz das Palmeiras,3546306,1.14,14.0%,2,1487,4409,22,65,1.5%,,100.0,96.9,96.9,0,0,0,0
Santa Cruz do Rio Pardo,3546405,0.41,18.1%,2,817,1772,8,17,1.0%,,91.3,100.0,98.7,848,6,900,11
Santa Ernestina,3546504,0.41,13.2%,2,169,3059,2,36,1.2%,,99.7,100.0,99.2,0,0,0,0
Santa Fé do Sul,3546603,1.49,20.2%,2,1101,3574,39,127,3.5%,,99.7,99.5,99.3,0,0,0,0
Santa Gertrudes,3546702,2.66,10.4%,2,1060,4048,18,69,1.7%,,75.1,100.0,100.0,0,0,0,0
Santa Isabel,3546801,1.52,14.7%,2,1380,2505,70,127,5.1%,,66.7,66.0,44.8,515,6.99,0,0
Santa Lúcia,3546900,0.56,13.4%,4,102,1191,4,47,3.9%,,98.8,93.0,93.0,400,9,400,6
Santa Maria da Serra,3547007,0.24,12.9%,4,128,2084,1,16,0.8%,,47.0,80.2,77.3,1057,6,0,0
Santa Mercedes,3547106,0.17,17.9%,4,9,320,1,36,11.1%,,95.4,100.0,87.2,571,6,0,0
Santana da Ponte Pensa,3547205,0.12,29.4%,2,18,1193,0,0,0.0%,,100.0,91.2,89.7,0,0,0,0
Santana de Parnaíba,3547304,7.68,12.0%,2,3646,2640,104,75,2.9%,,33.5,100.0,47.9,629,12.21,0,0
Santa Rita D Oeste,3547403,1.15,27.7%,4,39,1622,1,42,2.6%,,90.5,72.9,71.0,0,0,433,7.67
Santa Rita do Passa Quatro,3547502,0.35,22.4%,2,390,1478,11,42,2.8%,,75.3,100.0,96.3,0,0,0,0
Santa Rosa de Viterbo,3547601,0.89,17.2%,2,385,1504,4,16,1.0%,,97.9,97.2,95.7,583,6,1070,6
Santa Salete,3547650,0.18,24.9%,2,58,4028,1,69,1.7%,,100.0,87.8,85.4,49,6,0,0
Santo Anastácio,3547700,0.36,19.7%,2,346,1719,11,55,3.2%,,100.0,93.2,92.4,1950,6,0,0
Santo André,3547809,39.47,17.8%,2,20172,2907,644,93,3.2%,,78.9,100.0,100.0,0,0,0,0
Santo Antônio da Alegria,3547908,0.21,18.9%,3,147,2215,3,45,2.0%,,86.1,99.3,99.3,73,16.33,102,6.05
Santo Antônio de Posse,3548005,1.48,13.8%,2,778,3405,10,44,1.3%,,100.0,91.2,91.2,6210,8,6210,6
Santo Antônio do Aracanguá,3548054,0.06,15.7%,4,167,2024,6,73,3.6%,,83.5,78.0,78.0,0,8,0,8.5
Santo Antônio do Jardim,3548104,0.53,20.1%,2,84,1442,3,51,3.6%,,96.1,62.2,60.2,731,6,0,0
Santo Antônio do Pinhal,3548203,0.50,16.0%,2,78,1177,3,45,3.8%,,56.6,56.4,32.0,241,13.67,0,0
Santo Expedito,3548302,0.31,19.7%,4,20,673,1,34,5.0%,,86.8,92.5,84.4,994,6,1291,6
Santópolis do Aguapeí,3548401,0.36,15.0%,4,93,1992,3,64,3.2%,,100.0,88.7,88.7,0,0,0,0
Santos,3548500,15.25,22.3%,3,25340,5911,695,162,2.7%,,97.6,100.0,99.9,4852,7.47,7391,6
São Bento do Sapucaí,3548609,0.42,19.2%,4,63,598,0,0,0.0%,,71.9,73.2,50.1,1356,8.27,0,0
São Bernardo do Campo,3548708,19.83,15.1%,2,27355,3368,991,122,3.6%,,73.0,100.0,99.0,1088,11.79,0,0
São Caetano do Sul,3548807,98.66,23.1%,2,5504,3639,247,163,4.5%,,85.0,100.0,100.0,3188,15.31,0,0
São Carlos,3548906,2.13,16.8%,1,3602,1485,54,22,1.5%,,86.0,96.0,96.0,1782,42.86,100,8.8
São Francisco,3549003,0.35,22.9%,4,66,2465,4,149,6.1%,,100.0,90.9,88.8,0,0,0,0
São João da Boa Vista,3549102,16.91,19.1%,2,853,977,25,29,2.9%,,95.4,100.0,98.9,873,6,0,0
São João das Duas Pontes,3549201,0.19,19.7%,4,79,3191,3,121,3.8%,,100.0,99.7,97.7,275,6,994,6
São João de Iracema,3549250,1.04,19.3%,4,44,2378,3,162,6.8%,,0.0,0.0,0.0,0,0,0,0
São João do Pau d Alho,3549300,0.17,26.6%,4,6,302,0,0,0.0%,,100.0,81.1,81.1,0,0,0,0
São Joaquim da Barra,3549409,1.22,16.2%,2,1314,2614,30,60,2.3%,,80.0,99.2,99.2,276,8,1138,6
São José da Bela Vista,3549508,0.32,13.8%,2,49,561,4,46,8.2%,,79.1,100.0,100.0,0,0,0,0
São José do Barreiro,3549607,0.07,17.3%,4,23,565,2,49,8.7%,,100.0,91.6,81.7,0,9,0,12.5
São José do Rio Pardo,3549706,1.27,19.4%,2,800,1504,25,47,3.1%,,76.9,94.6,91.7,1600,8,0,0
São José do Rio Preto,3549805,10.37,17.7%,2,26731,5968,725,162,2.7%,,94.0,96.0,93.5,3526,10.36,0,0
São José dos Campos,3549904,6.46,14.6%,2,19447,2736,472,66,2.4%,,94.3,100.0,99.4,2765,6,759,6.4
São Lourenço da Serra,3549953,0.84,13.7%,2,249,1598,7,45,2.8%,,58.7,49.1,29.5,641,8.82,0,0
São Luís do Paraitinga,3550001,0.17,18.8%,4,17,161,5,47,29.4%,,87.5,58.2,53.4,70,6,0,0
São Manuel,3550100,0.61,16.1%,2,387,978,11,28,2.8%,,94.4,100.0,98.5,651,6,300,6
São Miguel Arcanjo,3550209,0.34,14.9%,2,285,891,9,28,3.2%,,82.8,73.1,57.4,144,6.01,50,6
São Paulo,3550308,78.03,15.6%,2,324462,2734,13715,116,4.2%,,74.4,99.3,96.3,1889,10.97,0,0
São Pedro,3550407,0.56,18.4%,2,742,2169,9,26,1.2%,,74.1,100.0,100.0,0,0,0,0
São Pedro do Turvo,3550506,0.10,17.3%,4,152,2063,0,0,0.0%,,84.3,96.5,70.4,540,8,0,7.22
São Roque,3550605,2.85,16.5%,2,958,1096,25,29,2.6%,,70.3,67.7,46.2,972,6.8,346,7.5
São Sebastião,3550704,21.65,11.5%,2,1920,2203,42,48,2.2%,,75.8,73.3,58.0,1381,7.34,0,0
São Sebastião da Grama,3550803,0.47,17.9%,4,221,1852,4,34,1.8%,,96.5,100.0,100.0,400,6,0,0
São Simão,3550902,0.24,17.9%,2,209,1408,5,34,2.4%,,27.2,88.9,88.9,355,8.33,355,7.5
São Vicente,3551009,241.68,15.1%,2,7547,2109,452,126,6.0%,,70.4,90.9,77.4,13456,6.41,8956,6
Sarapuí,3551108,0.29,14.6%,2,22,218,1,10,4.5%,,61.8,85.3,47.8,228,6,0,0
Sarutaiá,3551207,0.26,17.6%,4,64,1755,3,82,4.7%,,91.5,96.6,87.7,0,0,0,0
Sebastianópolis do Sul,3551306,0.20,20.4%,2,70,2126,0,0,0.0%,,100.0,84.0,83.7,1039,6,0,0
Serra Azul,3551405,0.43,11.6%,4,230,1873,4,33,1.7%,,89.5,58.1,56.4,532,6,0,0
Serrana,3551504,3.53,11.2%,2,1183,2662,46,104,3.9%,,99.2,98.8,98.8,5000,48,38,6.04
Serra Negra,3551603,1.35,20.7%,2,230,838,1,4,0.4%,,80.9,78.5,65.8,349,6,0,0
Sertãozinho,3551702,3.04,14.1%,2,4930,4029,118,96,2.4%,,80.0,99.6,99.6,923,12,0,0
Sete Barras,3551801,1.19,16.4%,4,464,3674,8,63,1.7%,,73.1,70.6,56.3,425,6,0,0
Severínia,3551900,1.22,12.9%,4,777,4537,17,99,2.2%,,95.6,100.0,100.0,152,7.8,104,6.46
Silveiras,3552007,0.15,16.5%,2,41,661,1,16,2.4%,,90.6,64.0,53.8,620,7.75,0,0
Socorro,3552106,0.86,20.6%,2,617,1591,9,23,1.5%,,71.5,60.5,55.0,0,0,0,0
Sorocaba,3552205,14.62,14.7%,2,18152,2756,441,67,2.4%,,84.8,98.5,98.2,5466,11.02,0,0
Sud Mennucci,3552304,0.13,16.4%,4,245,3176,1,13,0.4%,,100.0,95.2,94.6,313,8,0,0
Sumaré,3552403,18.45,12.3%,2,6848,2418,225,79,3.3%,,78.1,98.8,98.8,6753,13.88,0,0
Suzanápolis,3552551,0.12,16.3%,4,137,3471,2,51,1.5%,,55.9,66.7,63.8,100,6,0,0
Suzano,3552502,14.11,12.8%,2,5853,2011,247,85,4.2%,,77.6,100.0,98.4,2637,9.43,0,0
Tabapuã,3552601,0.34,18.8%,3,443,3725,15,126,3.4%,,89.3,100.0,100.0,144,8,144,8
Tabatinga,3552700,4.31,14.9%,2,376,2365,10,63,2.7%,,80.4,91.5,91.5,225,6,0,0
Taboão da Serra,3552809,139.22,11.5%,2,8389,2955,302,106,3.6%,,70.3,100.0,95.6,502,12.08,0,0
Taciba,3552908,0.10,16.0%,4,116,1916,2,33,1.7%,,100.0,97.2,96.9,299,6,500,6
Taguaí,3553005,0.92,12.8%,4,320,2403,3,23,0.9%,,97.7,87.3,85.1,1600,6,0,0
Taiaçu,3553104,0.56,17.1%,4,207,3429,1,17,0.5%,,89.9,100.0,100.0,0,0,0,0
Taiúva,3553203,0.47,18.3%,2,292,4651,3,48,1.0%,,99.3,100.0,100.0,0,0,0,0
Tambaú,3553302,0.41,17.8%,2,459,2013,11,48,2.4%,,97.6,100.0,100.0,0,0,0,0
Tanabi,3553401,0.34,20.0%,2,1389,5533,28,112,2.0%,,100.0,89.9,89.9,0,0,0,0
Tapiraí,3553500,1.02,15.2%,4,164,2130,3,39,1.8%,,93.4,68.4,61.8,314,6,0,0
Tapiratiba,3553609,0.57,17.9%,4,204,1618,1,8,0.5%,,72.7,82.5,82.5,0,0,0,0
Taquaral,3553658,0.51,18.4%,4,101,3671,2,73,2.0%,,99.3,100.0,100.0,0,0,0,0
Taquaritinga,3553708,0.92,17.4%,2,1238,2272,40,73,3.2%,,78.3,94.8,94.8,0,0,0,0
Taquarituba,3553807,0.52,16.3%,2,472,2035,8,34,1.7%,,100.0,96.7,94.9,4724,6,4724,6
Taquarivaí,3553856,0.25,11.2%,3,52,905,1,17,1.9%,,61.0,87.3,47.6,1604,6,0,0
Tarabai,3553906,0.36,13.6%,4,210,2889,5,69,2.4%,,100.0,86.9,86.0,903,6,0,0
Tarumã,3553955,0.49,12.6%,2,267,1803,5,34,1.9%,,98.4,100.0,99.9,4384,9.4,3400,6
Tatuí,3554003,2.29,14.5%,2,2872,2391,75,62,2.6%,,85.9,100.0,94.1,1211,6,699,6
Taubaté,3554102,491.78,15.3%,2,5892,1917,164,53,2.8%,,95.9,100.0,99.7,1953,6.35,7227,14.9
Tejupá,3554201,0.16,16.0%,4,28,596,0,0,0.0%,,0.0,0.0,0.0,0,0,0,0
Teodoro Sampaio,3554300,1.44,14.1%,2,329,1468,6,27,1.8%,,96.9,90.5,89.7,444,6,250,6
Terra Roxa,3554409,0.41,16.3%,4,301,3300,6,66,2.0%,,100.0,83.4,88.0,1145,6,0,0
Tietê,3554508,10.16,15.7%,2,682,1660,24,58,3.5%,,94.9,89.9,83.6,0,6,0,12
Timburi,3554607,0.13,21.5%,4,20,782,1,39,5.0%,,100.0,70.5,67.9,598,7,0,0
Torre de Pedra,3554656,0.33,19.7%,4,20,862,2,86,10.0%,,62.0,99.2,61.3,96,6,50,6
Torrinha,3554706,0.31,19.6%,2,174,1791,6,62,3.4%,,98.3,90.5,88.5,200,6,0,0
Trabiju,3554755,0.27,16.5%,4,26,1527,0,0,0.0%,,80.0,100.0,100.0,0,0,0,0
Tremembé,3554805,2.41,13.8%,2,491,1068,2,4,0.4%,,83.4,100.0,91.0,389,6.24,6620,68
Três Fronteiras,3554904,0.37,22.0%,4,264,4759,9,162,3.4%,,100.0,100.0,98.9,1400,6.12,2000,6
Tuiuti,3554953,0.52,20.3%,4,65,991,1,15,1.5%,,60.0,77.0,32.9,0,0,0,0
Tupã,3555000,1.00,21.1%,2,965,1536,39,62,4.0%,,98.2,100.0,99.5,433,6,0,0
Tupi Paulista,3555109,0.61,22.1%,2,227,1526,2,13,0.9%,,97.4,100.0,100.0,0,7.57,0,0
Turiúba,3555208,0.12,24.9%,4,39,2040,1,52,2.6%,,100.0,80.5,79.0,0,0,0,0
Turmalina,3555307,1.22,27.2%,4,34,1884,0,0,0.0%,,100.0,95.4,93.5,0,0,0,0
Ubarana,3555356,0.29,12.8%,4,295,4863,4,66,1.4%,,70.0,100.0,100.0,150,6,0,0
Ubatuba,3555406,1.26,13.3%,2,1722,1937,39,44,2.3%,,39.5,75.1,33.4,11721,6.29,0,0
Ubirajara,3555505,0.17,18.2%,3,81,1737,1,21,1.2%,,98.8,76.7,74.5,751,6,0,0
Uchoa,3555604,0.38,20.3%,2,404,4172,9,93,2.2%,,0.0,0.0,0.0,0,0,0,0
União Paulista,3555703,0.22,16.1%,4,65,3738,2,115,3.1%,,100.0,77.4,76.1,0,0,0,0
Urânia,3555802,0.41,22.8%,4,325,3774,13,151,4.0%,,100.0,95.1,94.6,200,6,0,0
Uru,3555901,0.82,21.4%,4,63,5220,3,249,4.8%,,100.0,100.0,99.9,250,6,0,0
Urupês,3556008,0.41,20.7%,2,245,1861,12,91,4.9%,,100.0,88.5,88.5,0,0,0,6.11
Valentim Gentil,3556107,0.85,15.9%,4,810,6343,14,110,1.7%,,100.0,100.0,99.9,1697,6,0,0
Valinhos,3556206,8.40,16.1%,2,3157,2531,104,83,3.3%,,92.3,93.3,89.6,415,8.52,441,9.31
Valparaíso,3556305,0.28,13.4%,2,679,2831,19,79,2.8%,,80.0,100.0,100.0,0,0,0,0
Vargem,3556354,7.01,17.3%,4,80,800,1,10,1.3%,,52.9,49.8,32.2,1072,11,0,0
Vargem Grande do Sul,3556404,1.55,16.7%,2,1026,2472,17,41,1.7%,,93.0,100.0,100.0,0,0,0,0
Vargem Grande Paulista,3556453,12.42,12.0%,5,675,1279,28,53,4.1%,,26.4,95.2,34.8,320,10.27,0,0
Várzea Paulista,3556503,34.32,12.7%,2,1824,1513,72,60,3.9%,,99.2,95.3,91.3,1040,6.5,400,6
Vera Cruz,3556602,0.42,19.6%,4,134,1273,6,57,4.5%,,0.0,0.0,0.0,0,0,0,0
Vinhedo,3556701,95.00,15.0%,2,2065,2664,37,48,1.8%,,85.0,92.0,82.3,0,0,0,0
Viradouro,3556800,0.84,16.3%,2,472,2573,9,49,1.9%,,99.0,97.2,97.2,0,0,0,0
Vista Alegre do Alto,3556909,0.84,13.8%,2,217,2708,3,37,1.4%,,95.8,90.3,85.6,0,0,0,7.5
Vitória Brasil,3556958,0.35,20.1%,4,36,2045,0,0,0.0%,,100.0,93.8,94.0,680,6,60,6
Votorantim,3557006,6.53,13.7%,2,2743,2289,88,73,3.2%,,79.6,96.2,95.5,36,7.25,0,0
Votuporanga,3557105,21.81,18.7%,1,5530,6027,110,120,2.0%,,80.0,100.0,100.0,0,0,0,0
Zacarias,3557154,0.08,18.8%,4,106,4141,1,39,0.9%,,100.0,87.1,86.4,420,6,0,0